traffic,capacity,free_flow_time,centrality,alternatives,impact
0.4170257502099207,44,2.5,0.06468253968253969,5,0.04774674691993185
2.096855537432289,44,2.5,0.06468253968253969,5,0.04774674691993185
0.8410198805130431,44,2.5,0.06468253968253969,5,0.04774674691993185
1.9246066863583864,44,2.5,0.06468253968253969,5,0.04774674691993185
0.8126869793929465,44,2.5,0.06468253968253969,5,0.04774674691993185
0.3266768771766181,44,2.5,0.06468253968253969,5,0.04774674691993185
0.6159522905872814,44,2.5,0.06468253968253969,5,0.04774674691993185
1.9327952836649678,44,2.5,0.06468253968253969,5,0.04774674691993185
0.5449570208446544,44,2.5,0.06468253968253969,5,0.04774674691993185
0.6831650261151215,44,2.5,0.06468253968253969,5,0.04774674691993185
1.1010071134377593,90,3.9,0.0365079365079365,10,0.002203625966362877
2.1213353034094196,90,3.9,0.0365079365079365,10,0.002203625966362877
1.2521663212535363,90,3.9,0.0365079365079365,10,0.002203625966362877
2.4513880584406924,90,3.9,0.0365079365079365,10,0.002203625966362877
0.7986125887362846,90,3.9,0.0365079365079365,10,0.002203625966362877
0.2403897293538723,90,3.9,0.0365079365079365,10,0.002203625966362877
1.4708060053847174,90,3.9,0.0365079365079365,10,0.002203625966362877
2.0311950797590343,90,3.9,0.0365079365079365,10,0.002203625966362877
0.7203437424085433,90,3.9,0.0365079365079365,10,0.002203625966362877
1.2890261154007865,90,3.9,0.0365079365079365,10,0.002203625966362877
1.2143910268469709,53,3.4,0.039603174603174605,10,0.0036605687540405803
0.9076531312410292,53,3.4,0.039603174603174605,10,0.0036605687540405803
0.8299241814428469,53,3.4,0.039603174603174605,10,0.0036605687540405803
0.8240862903647954,53,3.4,0.039603174603174605,10,0.0036605687540405803
0.49001158326171745,53,3.4,0.039603174603174605,10,0.0036605687540405803
1.7748980877740366,53,3.4,0.039603174603174605,10,0.0036605687540405803
1.1554188611552987,53,3.4,0.039603174603174605,10,0.0036605687540405803
0.7204233228684477,53,3.4,0.039603174603174605,10,0.0036605687540405803
1.2549197546712907,53,3.4,0.039603174603174605,10,0.0036605687540405803
0.31560162797622127,53,3.4,0.039603174603174605,10,0.0036605687540405803
0.5019303734006578,82,3.6,0.022222222222222223,10,0.0
1.0148584768810742,82,3.6,0.022222222222222223,10,0.0
0.8387030460046341,82,3.6,0.022222222222222223,10,0.0
0.9856417584570369,82,3.6,0.022222222222222223,10,0.0
1.3305869130621841,82,3.6,0.022222222222222223,10,0.0
0.2555180257668255,82,3.6,0.022222222222222223,10,0.0
0.7003716863685963,82,3.6,0.022222222222222223,10,0.0
1.3878399449452061,82,3.6,0.022222222222222223,10,0.0
0.21643186201030215,82,3.6,0.022222222222222223,10,0.0
1.3157574231838443,82,3.6,0.022222222222222223,10,0.0
0.9425850657955367,59,4.9,0.03775132275132276,10,0.0
1.7532015277767976,59,4.9,0.03775132275132276,10,0.0
1.3494994102821525,59,4.9,0.03775132275132276,10,0.0
0.558879583668656,59,4.9,0.03775132275132276,10,0.0
2.1087157743736884,59,4.9,0.03775132275132276,10,0.0
1.2220814829996371,59,4.9,0.03775132275132276,10,0.0
1.4149048764896928,59,4.9,0.03775132275132276,10,0.0
1.6020114212268552,59,4.9,0.03775132275132276,10,0.0
0.8048960832743924,59,4.9,0.03775132275132276,10,0.0
0.7999669846966722,59,4.9,0.03775132275132276,10,0.0
0.6079679648560581,93,1.8,0.028492063492063496,10,0.023962155911090008
0.539171860841051,93,1.8,0.028492063492063496,10,0.023962155911090008
0.8535517908487442,93,1.8,0.028492063492063496,10,0.023962155911090008
0.24806928022725092,93,1.8,0.028492063492063496,10,0.023962155911090008
0.5819860369805987,93,1.8,0.028492063492063496,10,0.023962155911090008
0.5423417504108365,93,1.8,0.028492063492063496,10,0.023962155911090008
0.7900837642375721,93,1.8,0.028492063492063496,10,0.023962155911090008
1.8466156449093891,93,1.8,0.028492063492063496,10,0.023962155911090008
0.5235042415342767,93,1.8,0.028492063492063496,10,0.023962155911090008
1.3703499651305253,93,1.8,0.028492063492063496,10,0.023962155911090008
1.770326042130615,62,5.0,0.037486772486772485,10,0.0011883189611996768
1.1319646900960458,62,5.0,0.037486772486772485,10,0.0011883189611996768
1.1007649246460198,62,5.0,0.037486772486772485,10,0.0011883189611996768
0.8361257726932763,62,5.0,0.037486772486772485,10,0.0011883189611996768
0.7031117829158259,62,5.0,0.037486772486772485,10,0.0011883189611996768
0.4409240467229504,62,5.0,0.037486772486772485,10,0.0011883189611996768
0.33172870338860766,62,5.0,0.037486772486772485,10,0.0011883189611996768
0.7246995162213994,62,5.0,0.037486772486772485,10,0.0011883189611996768
0.4563690071777968,62,5.0,0.037486772486772485,10,0.0011883189611996768
1.370256411572893,62,5.0,0.037486772486772485,10,0.0011883189611996768
0.36164988120535724,51,2.2,0.04621693121693121,10,0.026022364071790562
0.5339545020531976,51,2.2,0.04621693121693121,10,0.026022364071790562
0.2020705701149836,51,2.2,0.04621693121693121,10,0.026022364071790562
0.4928780170011233,51,2.2,0.04621693121693121,10,0.026022364071790562
0.7538630181482833,51,2.2,0.04621693121693121,10,0.026022364071790562
0.42014280249007485,51,2.2,0.04621693121693121,10,0.026022364071790562
0.7668124315113067,51,2.2,0.04621693121693121,10,0.026022364071790562
0.3671854156292047,51,2.2,0.04621693121693121,10,0.026022364071790562
2.109233510876937,51,2.2,0.04621693121693121,10,0.026022364071790562
0.40431173497533357,51,2.2,0.04621693121693121,10,0.026022364071790562
1.5015085147798795,78,1.0,0.02214285714285714,10,0.024563144811006774
0.35144877773107397,78,1.0,0.02214285714285714,10,0.024563144811006774
0.6238419285883269,78,1.0,0.02214285714285714,10,0.024563144811006774
1.7597386449901082,78,1.0,0.02214285714285714,10,0.024563144811006774
1.7139411110137712,78,1.0,0.02214285714285714,10,0.024563144811006774
2.0182963695293763,78,1.0,0.02214285714285714,10,0.024563144811006774
0.4343847228648361,78,1.0,0.02214285714285714,10,0.024563144811006774
0.5250407073848352,78,1.0,0.02214285714285714,10,0.024563144811006774
0.23564435019842123,78,1.0,0.02214285714285714,10,0.024563144811006774
1.8476625512664409,78,1.0,0.02214285714285714,10,0.024563144811006774
2.0010060515496826,71,3.1,0.04166666666666667,10,0.0
2.628251459112127,71,3.1,0.04166666666666667,10,0.0
0.7152996528367084,71,3.1,0.04166666666666667,10,0.0
2.1798732376487795,71,3.1,0.04166666666666667,10,0.0
2.578686841705816,71,3.1,0.04166666666666667,10,0.0
1.4112650280358312,71,3.1,0.04166666666666667,10,0.0
2.483899950822912,71,3.1,0.04166666666666667,10,0.0
0.3425088040302273,71,3.1,0.04166666666666667,10,0.0
0.3649216677013427,71,3.1,0.04166666666666667,10,0.0
1.8106879669606681,71,3.1,0.04166666666666667,10,0.0
0.27674065808313136,89,1.2,0.037354497354497355,10,0.058348282173394446
1.5896125825378153,89,1.2,0.037354497354497355,10,0.058348282173394446
1.6596651452987587,89,1.2,0.037354497354497355,10,0.058348282173394446
1.4303874152214215,89,1.2,0.037354497354497355,10,0.058348282173394446
1.1581702814897699,89,1.2,0.037354497354497355,10,0.058348282173394446
2.451857901356071,89,1.2,0.037354497354497355,10,0.058348282173394446
0.6175808147774693,89,1.2,0.037354497354497355,10,0.058348282173394446
0.5148940588968688,89,1.2,0.037354497354497355,10,0.058348282173394446
1.9220245068403092,89,1.2,0.037354497354497355,10,0.058348282173394446
1.520151971613944,89,1.2,0.037354497354497355,10,0.058348282173394446
0.8933339142548247,91,2.5,0.028888888888888895,10,0.004844334769028933
0.9820627008386549,91,2.5,0.028888888888888895,10,0.004844334769028933
1.3919372658713038,91,2.5,0.028888888888888895,10,0.004844334769028933
0.6913345915738512,91,2.5,0.028888888888888895,10,0.004844334769028933
1.3791513805239395,91,2.5,0.028888888888888895,10,0.004844334769028933
0.4098273051187251,91,2.5,0.028888888888888895,10,0.004844334769028933
1.432543440458998,91,2.5,0.028888888888888895,10,0.004844334769028933
1.2562513429406272,91,2.5,0.028888888888888895,10,0.004844334769028933
1.3492959591466875,91,2.5,0.028888888888888895,10,0.004844334769028933
0.6245132561404295,91,2.5,0.028888888888888895,10,0.004844334769028933
1.7564009744774096,91,1.4,0.029550264550264552,10,0.0190700152068403
1.6519367619301741,91,1.4,0.029550264550264552,10,0.0190700152068403
0.9871395476119336,91,1.4,0.029550264550264552,10,0.0190700152068403
1.673292405489871,91,1.4,0.029550264550264552,10,0.0190700152068403
1.7629263920728209,91,1.4,0.029550264550264552,10,0.0190700152068403
0.41600551922260043,91,1.4,0.029550264550264552,10,0.0190700152068403
0.7818044048088042,91,1.4,0.029550264550264552,10,0.0190700152068403
0.26152057302739284,91,1.4,0.029550264550264552,10,0.0190700152068403
0.8489717339279549,91,1.4,0.029550264550264552,10,0.0190700152068403
0.36307638256886743,91,1.4,0.029550264550264552,10,0.0190700152068403
0.2301161615641338,84,1.8,0.038280423280423276,10,0.015889782278112108
1.6516503999469891,84,1.8,0.038280423280423276,10,0.015889782278112108
1.06721198493516,84,1.8,0.038280423280423276,10,0.015889782278112108
1.0534140258058495,84,1.8,0.038280423280423276,10,0.015889782278112108
0.5522801970597133,84,1.8,0.038280423280423276,10,0.015889782278112108
0.7526966931034296,84,1.8,0.038280423280423276,10,0.015889782278112108
0.4271426772007966,84,1.8,0.038280423280423276,10,0.015889782278112108
1.6156399144002893,84,1.8,0.038280423280423276,10,0.015889782278112108
1.2026782989070834,84,1.8,0.038280423280423276,10,0.015889782278112108
0.2526515511033685,84,1.8,0.038280423280423276,10,0.015889782278112108
2.2318813870886274,32,4.9,0.06865079365079366,5,0.013267285260291833
0.41609011088022313,32,4.9,0.06865079365079366,5,0.013267285260291833
0.25442730194019647,32,4.9,0.06865079365079366,5,0.013267285260291833
0.7888177864566962,32,4.9,0.06865079365079366,5,0.013267285260291833
2.0837861153437767,32,4.9,0.06865079365079366,5,0.013267285260291833
1.5338561612076629,32,4.9,0.06865079365079366,5,0.013267285260291833
1.5551163910313717,32,4.9,0.06865079365079366,5,0.013267285260291833
1.9604675446166864,32,4.9,0.06865079365079366,5,0.013267285260291833
1.3796436319245515,32,4.9,0.06865079365079366,5,0.013267285260291833
0.19569377885169853,32,4.9,0.06865079365079366,5,0.013267285260291833
1.3232497517569046,36,4.4,0.03809523809523809,10,0.0
0.472094305716091,36,4.4,0.03809523809523809,10,0.0
1.5789344360119146,36,4.4,0.03809523809523809,10,0.0
0.7736460553929344,36,4.4,0.03809523809523809,10,0.0
1.1051687312276657,36,4.4,0.03809523809523809,10,0.0
1.6663249097755388,36,4.4,0.03809523809523809,10,0.0
2.047249340603036,36,4.4,0.03809523809523809,10,0.0
1.7245898711194345,36,4.4,0.03809523809523809,10,0.0
2.669299040691169,36,4.4,0.03809523809523809,10,0.0
0.5305840440371439,36,4.4,0.03809523809523809,10,0.0
0.3080649831743995,68,1.7,0.034523809523809526,10,0.01271182582248976
1.7395238554088222,68,1.7,0.034523809523809526,10,0.01271182582248976
0.467396924873954,68,1.7,0.034523809523809526,10,0.01271182582248976
0.6646765847997611,68,1.7,0.034523809523809526,10,0.01271182582248976
0.670381134808026,68,1.7,0.034523809523809526,10,0.01271182582248976
1.1835649726127044,68,1.7,0.034523809523809526,10,0.01271182582248976
0.6628189099682504,68,1.7,0.034523809523809526,10,0.01271182582248976
0.6062625651247225,68,1.7,0.034523809523809526,10,0.01271182582248976
0.9509789091413959,68,1.7,0.034523809523809526,10,0.01271182582248976
2.2302332218729566,68,1.7,0.034523809523809526,10,0.01271182582248976
1.366883769310215,89,1.1,0.03888888888888889,10,0.02795508973856981
1.506943032001137,89,1.1,0.03888888888888889,10,0.02795508973856981
1.830154974028249,89,1.1,0.03888888888888889,10,0.02795508973856981
0.461841524772156,89,1.1,0.03888888888888889,10,0.02795508973856981
0.2680679058873858,89,1.1,0.03888888888888889,10,0.02795508973856981
0.5418736160958658,89,1.1,0.03888888888888889,10,0.02795508973856981
1.4911858861731981,89,1.1,0.03888888888888889,10,0.02795508973856981
0.8077484220277132,89,1.1,0.03888888888888889,10,0.02795508973856981
0.46958658032629574,89,1.1,0.03888888888888889,10,0.02795508973856981
0.452124801144471,89,1.1,0.03888888888888889,10,0.02795508973856981
0.6263397068365437,38,3.3,0.04761904761904762,10,0.0
2.4766687487916963,38,3.3,0.04761904761904763,10,0.0
1.0769187533227078,38,3.3,0.04761904761904763,10,0.0
0.468593428917431,38,3.3,0.04761904761904763,10,0.0
0.7780733148909532,38,3.3,0.04761904761904763,10,0.0
1.8447180089747777,38,3.3,0.04761904761904763,10,0.0
0.21852904260726813,38,3.3,0.04761904761904763,10,0.0
1.8835499072125574,38,3.3,0.04761904761904763,10,0.0
1.174954910663933,38,3.3,0.04761904761904763,10,0.0
0.9917243418490314,38,3.3,0.04761904761904763,10,0.0
0.8483079141130604,31,1.1,0.030820105820105824,10,0.025061692421165543
0.4415024212110308,31,1.1,0.030820105820105824,10,0.025061692421165543
0.6975518216871432,31,1.1,0.030820105820105824,10,0.025061692421165543
1.6723409646676137,31,1.1,0.030820105820105824,10,0.025061692421165543
2.150308096058694,31,1.1,0.030820105820105824,10,0.025061692421165543
1.6738092299029286,31,1.1,0.030820105820105824,10,0.025061692421165543
0.5104488501100053,31,1.1,0.030820105820105824,10,0.025061692421165543
0.8085220088927215,31,1.1,0.030820105820105824,10,0.025061692421165543
0.25801179962295673,31,1.1,0.030820105820105824,10,0.025061692421165543
2.178189901732069,31,1.1,0.030820105820105824,10,0.025061692421165543
0.8232895642276712,89,3.7,0.051190476190476196,10,0.00997322867627619
0.44340695712756817,89,3.7,0.0511904761904762,10,0.00997322867627619
0.7258547858667938,89,3.7,0.0511904761904762,10,0.00997322867627619
0.3707615870168207,89,3.7,0.0511904761904762,10,0.00997322867627619
1.1826136892382124,89,3.7,0.0511904761904762,10,0.00997322867627619
1.5019526192376162,89,3.7,0.0511904761904762,10,0.00997322867627619
2.615817898984467,89,3.7,0.0511904761904762,10,0.00997322867627619
0.1970743574675554,89,3.7,0.0511904761904762,10,0.00997322867627619
0.7020338957422042,89,3.7,0.0511904761904762,10,0.00997322867627619
2.498596270526389,89,3.7,0.0511904761904762,10,0.00997322867627619
1.6667950841633714,37,1.5,0.07724867724867725,5,0.07216647392527678
1.6907960301150748,37,1.5,0.07724867724867725,5,0.07216647392527678
0.3024559596496141,37,1.5,0.07724867724867725,5,0.07216647392527678
1.715921855161643,37,1.5,0.07724867724867725,5,0.07216647392527678
0.6907139601208697,37,1.5,0.07724867724867725,5,0.07216647392527678
0.5760234768852519,37,1.5,0.07724867724867725,5,0.07216647392527678
1.1693378470243243,37,1.5,0.07724867724867725,5,0.07216647392527678
0.6530182706530905,37,1.5,0.07724867724867725,5,0.07216647392527678
0.19059177645070974,37,1.5,0.07724867724867725,5,0.07216647392527678
0.9006918841794584,37,1.5,0.07724867724867725,5,0.07216647392527678
0.15922363589214714,65,1.1,0.025396825396825393,10,0.022227483404510907
0.5820106646894201,65,1.1,0.025396825396825393,10,0.022227483404510907
1.3769270670517115,65,1.1,0.025396825396825393,10,0.022227483404510907
0.8046842208363642,65,1.1,0.025396825396825393,10,0.022227483404510907
0.8534359725257558,65,1.1,0.025396825396825393,10,0.022227483404510907
0.8747031475397938,65,1.1,0.025396825396825393,10,0.022227483404510907
0.4716940675147192,65,1.1,0.025396825396825393,10,0.022227483404510907
1.3983531406943195,65,1.1,0.025396825396825393,10,0.022227483404510907
0.9042991298033445,65,1.1,0.025396825396825393,10,0.022227483404510907
0.32879140868456624,65,1.1,0.025396825396825393,10,0.022227483404510907
0.5066962287059802,33,1.7,0.044444444444444446,10,0.024982015862464655
2.4385500125570894,33,1.7,0.044444444444444446,10,0.024982015862464655
2.365750064003487,33,1.7,0.044444444444444446,10,0.024982015862464655
0.6500667010120381,33,1.7,0.044444444444444446,10,0.024982015862464655
0.5946294879488767,33,1.7,0.044444444444444446,10,0.024982015862464655
0.32394601623601704,33,1.7,0.044444444444444446,10,0.024982015862464655
0.578971334892009,33,1.7,0.044444444444444446,10,0.024982015862464655
0.9978648663353689,33,1.7,0.044444444444444446,10,0.024982015862464655
1.6439679899597197,33,1.7,0.044444444444444446,10,0.024982015862464655
0.2695450332482495,33,1.7,0.044444444444444446,10,0.024982015862464655
0.5619120145782527,35,2.2,0.014285714285714287,10,0.007293819830812491
0.781116572426598,35,2.2,0.014285714285714287,10,0.007293819830812491
2.690761410269912,35,2.2,0.014285714285714287,10,0.007293819830812491
0.3454107789761466,35,2.2,0.014285714285714287,10,0.007293819830812491
2.327556522341968,35,2.2,0.014285714285714287,10,0.007293819830812491
1.2081288899882385,35,2.2,0.014285714285714287,10,0.007293819830812491
1.0726037338228767,35,2.2,0.014285714285714287,10,0.007293819830812491
0.4091155449835663,35,2.2,0.014285714285714287,10,0.007293819830812491
1.0296636848013638,35,2.2,0.014285714285714287,10,0.007293819830812491
1.6816862086125342,35,2.2,0.014285714285714287,10,0.007293819830812491
0.3501792212032625,33,1.8,0.03492063492063492,10,0.003783498301750921
1.3542707927547244,33,1.8,0.03492063492063492,10,0.003783498301750921
0.29389021096107915,33,1.8,0.03492063492063492,10,0.003783498301750921
0.4988797221768052,33,1.8,0.03492063492063492,10,0.003783498301750921
0.47383524772595653,33,1.8,0.03492063492063492,10,0.003783498301750921
0.18661533959952972,33,1.8,0.03492063492063492,10,0.003783498301750921
1.5557204769932405,33,1.8,0.03492063492063492,10,0.003783498301750921
2.2291177747347812,33,1.8,0.03492063492063492,10,0.003783498301750921
0.7077145281897356,33,1.8,0.03492063492063492,10,0.003783498301750921
1.7956170648237304,33,1.8,0.03492063492063492,10,0.003783498301750921
0.39947940626647344,92,1.7,0.05608465608465609,1,0.07507808302752696
0.8197761615082593,92,1.7,0.05608465608465609,1,0.07507808302752696
0.22990167166213873,92,1.7,0.05608465608465609,1,0.07507808302752696
0.38051350965645886,92,1.7,0.05608465608465609,1,0.07507808302752696
1.4238882669859128,92,1.7,0.05608465608465609,1,0.07507808302752696
0.5827448984195419,92,1.7,0.05608465608465609,1,0.07507808302752696
0.8777937662993132,92,1.7,0.05608465608465609,1,0.07507808302752696
1.2837649154619104,92,1.7,0.05608465608465609,1,0.07507808302752696
0.6635735086079172,92,1.7,0.05608465608465609,1,0.07507808302752696
0.5251063618302221,92,1.7,0.05608465608465609,1,0.07507808302752696
0.32869103273081146,73,4.4,0.0634920634920635,5,0.00512206448793009
1.0096634684508787,73,4.4,0.0634920634920635,5,0.00512206448793009
2.137063520543256,73,4.4,0.0634920634920635,5,0.00512206448793009
0.3497826221732929,73,4.4,0.0634920634920635,5,0.00512206448793009
2.5751491941401854,73,4.4,0.0634920634920635,5,0.00512206448793009
0.44604492542779983,73,4.4,0.0634920634920635,5,0.00512206448793009
0.1513205963750151,73,4.4,0.0634920634920635,5,0.00512206448793009
0.830479383099453,73,4.4,0.0634920634920635,5,0.00512206448793009
2.0222858238457557,73,4.4,0.0634920634920635,5,0.00512206448793009
0.3069911403777673,73,4.4,0.0634920634920635,5,0.00512206448793009
0.8292299190224519,91,4.8,0.05185185185185186,5,0.0016618253671950177
0.3345325341727542,91,4.8,0.05185185185185186,5,0.0016618253671950177
0.28021481187521546,91,4.8,0.05185185185185186,5,0.0016618253671950177
1.8530666884794997,91,4.8,0.05185185185185186,5,0.0016618253671950177
0.5705485784743632,91,4.8,0.05185185185185186,5,0.0016618253671950177
0.5721562746861293,91,4.8,0.05185185185185186,5,0.0016618253671950177
0.2718411173542735,91,4.8,0.05185185185185186,5,0.0016618253671950177
0.5684804810511586,91,4.8,0.05185185185185186,5,0.0016618253671950177
2.60011130609991,91,4.8,0.05185185185185186,5,0.0016618253671950177
0.8651928032466207,91,4.8,0.05185185185185186,5,0.0016618253671950177
1.2445004413962422,77,4.7,0.032539682539682535,10,0.0
2.130002114719544,77,4.7,0.032539682539682535,10,0.0
1.1601765513163482,77,4.7,0.032539682539682535,10,0.0
1.7718966944625245,77,4.7,0.032539682539682535,10,0.0
1.6715715576427053,77,4.7,0.032539682539682535,10,0.0
0.38761502727229036,77,4.7,0.032539682539682535,10,0.0
0.7420587239430856,77,4.7,0.032539682539682535,10,0.0
1.5173312368683214,77,4.7,0.032539682539682535,10,0.0
0.2607293775593843,77,4.7,0.032539682539682535,10,0.0
0.4440154570385242,77,4.7,0.032539682539682535,10,0.0
1.6080546781611198,91,2.3,0.03968253968253968,10,0.009545251732395902
0.2914447317523985,91,2.3,0.03968253968253968,10,0.009545251732395902
1.208815904903012,91,2.3,0.03968253968253968,10,0.009545251732395902
0.2421285700790155,91,2.3,0.03968253968253968,10,0.009545251732395902
1.6581697302242722,91,2.3,0.03968253968253968,10,0.009545251732395902
0.6997896729530353,91,2.3,0.03968253968253968,10,0.009545251732395902
1.6658810021537471,91,2.3,0.03968253968253968,10,0.009545251732395902
0.9264406049213911,91,2.3,0.03968253968253968,10,0.009545251732395902
0.29081769251227296,91,2.3,0.03968253968253968,10,0.009545251732395902
0.7105582323842199,91,2.3,0.03968253968253968,10,0.009545251732395902
0.9799557965854324,82,2.3,0.024603174603174603,10,0.0049080760159898856
0.808960247219489,82,2.3,0.024603174603174603,10,0.0049080760159898856
0.604105951156002,82,2.3,0.024603174603174603,10,0.0049080760159898856
1.112037238029328,82,2.3,0.024603174603174603,10,0.0049080760159898856
0.825554897231613,82,2.3,0.024603174603174603,10,0.0049080760159898856
0.433577226737705,82,2.3,0.024603174603174603,10,0.0049080760159898856
0.5546501183472676,82,2.3,0.024603174603174603,10,0.0049080760159898856
0.9049612672580645,82,2.3,0.024603174603174603,10,0.0049080760159898856
1.2037869668237748,82,2.3,0.024603174603174603,10,0.0049080760159898856
0.7652870121136383,82,2.3,0.024603174603174603,10,0.0049080760159898856
0.6939325929773178,89,3.3,0.03650793650793651,9,0.0037584570975877324
1.7140969610906758,89,3.3,0.03650793650793651,9,0.0037584570975877324
0.7158995764568333,89,3.3,0.03650793650793651,9,0.0037584570975877324
1.1382047971737361,89,3.3,0.03650793650793651,9,0.0037584570975877324
0.6312938031198635,89,3.3,0.03650793650793651,9,0.0037584570975877324
0.173960071065286,89,3.3,0.03650793650793651,9,0.0037584570975877324
1.1608112590378354,89,3.3,0.03650793650793651,9,0.0037584570975877324
0.469284221725132,89,3.3,0.03650793650793651,9,0.0037584570975877324
0.5124334927974882,89,3.3,0.03650793650793651,9,0.0037584570975877324
0.8885635082131834,89,3.3,0.03650793650793651,9,0.0037584570975877324
0.7989718716498584,70,3.2,0.028042328042328046,10,0.0
1.15547079284511,70,3.2,0.028042328042328046,10,0.0
1.444171219640264,70,3.2,0.028042328042328046,10,0.0
2.1936979367305027,70,3.2,0.028042328042328046,10,0.0
0.7221197919169661,70,3.2,0.028042328042328046,10,0.0
1.4223156516636013,70,3.2,0.028042328042328046,10,0.0
0.2333981216906579,70,3.2,0.028042328042328046,10,0.0
0.5055842457159302,70,3.2,0.028042328042328046,10,0.0
0.8826443217950712,70,3.2,0.028042328042328046,10,0.0
0.305556061683095,70,3.2,0.028042328042328046,10,0.0
0.7830757259552428,74,2.2,0.05502645502645503,5,0.012190513481273643
1.3547117253330734,74,2.2,0.05502645502645503,5,0.012190513481273643
0.7552528457380355,74,2.2,0.05502645502645503,5,0.012190513481273643
1.7013344760252511,74,2.2,0.05502645502645503,5,0.012190513481273643
1.1277986789169114,74,2.2,0.05502645502645503,5,0.012190513481273643
1.5173763933419453,74,2.2,0.05502645502645503,5,0.012190513481273643
0.21199499285280113,74,2.2,0.05502645502645503,5,0.012190513481273643
0.8958477588379873,74,2.2,0.05502645502645503,5,0.012190513481273643
1.1386580116726657,74,2.2,0.05502645502645503,5,0.012190513481273643
0.26301607198003774,74,2.2,0.05502645502645503,5,0.012190513481273643
0.8061385207439464,38,1.3,0.029894179894179897,10,0.01066527650042318
2.6908921941979456,38,1.3,0.029894179894179897,10,0.01066527650042318
2.5024181727043513,38,1.3,0.029894179894179897,10,0.01066527650042318
1.6857001841039558,38,1.3,0.029894179894179897,10,0.01066527650042318
0.4832871471378808,38,1.3,0.029894179894179897,10,0.01066527650042318
0.7646940059247482,38,1.3,0.029894179894179897,10,0.01066527650042318
0.38166464103672504,38,1.3,0.029894179894179897,10,0.01066527650042318
0.6080089880436217,38,1.3,0.029894179894179897,10,0.01066527650042318
1.0831942340508605,38,1.3,0.029894179894179897,10,0.01066527650042318
1.4738438614706921,38,1.3,0.029894179894179897,10,0.01066527650042318
0.5089355157508921,37,4.1,0.03518518518518519,10,0.0
0.5324395130627249,37,4.1,0.03518518518518519,10,0.0
0.8419854114343827,37,4.1,0.03518518518518519,10,0.0
1.1151428166507267,37,4.1,0.03518518518518519,10,0.0
0.2859347755306642,37,4.1,0.03518518518518519,10,0.0
2.3553527454538097,37,4.1,0.03518518518518519,10,0.0
1.9396807322174472,37,4.1,0.03518518518518519,10,0.0
2.1760186472788376,37,4.1,0.03518518518518519,10,0.0
0.461852567926818,37,4.1,0.03518518518518519,10,0.0
0.18512648966310316,37,4.1,0.03518518518518519,10,0.0
0.431092590116507,40,1.0,0.03835978835978835,10,0.030472868993525765
1.5569035539404497,40,1.0,0.03835978835978835,10,0.030472868993525765
0.6013762326114104,40,1.0,0.03835978835978835,10,0.030472868993525765
0.6399096275121667,40,1.0,0.03835978835978835,10,0.030472868993525765
0.5847293590641646,40,1.0,0.03835978835978835,10,0.030472868993525765
2.158936925920982,40,1.0,0.03835978835978835,10,0.030472868993525765
1.0628483789776069,40,1.0,0.03835978835978835,10,0.030472868993525765
0.7438730276044139,40,1.0,0.03835978835978835,10,0.030472868993525765
1.6208814515374754,40,1.0,0.03835978835978835,10,0.030472868993525765
0.4891857122338061,40,1.0,0.03835978835978835,10,0.030472868993525765
1.3382607718970823,37,1.8,0.022486772486772486,10,0.031071581420336808
0.5805007902101457,37,1.8,0.022486772486772486,10,0.031071581420336808
2.5706795346386495,37,1.8,0.022486772486772486,10,0.031071581420336808
2.414959333586695,37,1.8,0.022486772486772486,10,0.031071581420336808
0.7962231486988244,37,1.8,0.022486772486772486,10,0.031071581420336808
2.0660290871860636,37,1.8,0.022486772486772486,10,0.031071581420336808
0.3349579369943391,37,1.8,0.022486772486772486,10,0.031071581420336808
1.4575999197979799,37,1.8,0.022486772486772486,10,0.031071581420336808
1.6976467623026616,37,1.8,0.022486772486772486,10,0.031071581420336808
0.19477289677618378,37,1.8,0.022486772486772486,10,0.031071581420336808
2.52364350615614,62,3.9,0.04947089947089948,7,0.0009652245968365823
2.110361188097196,62,3.9,0.04947089947089948,7,0.0009652245968365823
0.5156823128947479,62,3.9,0.04947089947089948,7,0.0009652245968365823
1.8839395055790122,62,3.9,0.04947089947089948,7,0.0009652245968365823
0.605453565548769,62,3.9,0.04947089947089948,7,0.0009652245968365823
0.6142334362091754,62,3.9,0.04947089947089948,7,0.0009652245968365823
0.45533799986317114,62,3.9,0.04947089947089948,7,0.0009652245968365823
0.574633009735647,62,3.9,0.04947089947089948,7,0.0009652245968365823
1.1252559878111694,62,3.9,0.04947089947089948,7,0.0009652245968365823
0.39844443648241656,62,3.9,0.04947089947089948,7,0.0009652245968365823
2.0553676676300587,70,3.4,0.03253968253968254,10,0.0012975896702755619
1.5443466980623561,70,3.4,0.03253968253968254,10,0.0012975896702755619
1.4440419308238692,70,3.4,0.03253968253968254,10,0.0012975896702755619
1.3768631542293883,70,3.4,0.03253968253968254,10,0.0012975896702755619
0.47414181811574146,70,3.4,0.03253968253968254,10,0.0012975896702755619
1.656982878671207,70,3.4,0.03253968253968254,10,0.0012975896702755619
0.5455482582928651,70,3.4,0.03253968253968254,10,0.0012975896702755619
1.452673614235903,70,3.4,0.03253968253968254,10,0.0012975896702755619
0.37895126728950945,70,3.4,0.03253968253968254,10,0.0012975896702755619
0.2656235438522816,70,3.4,0.03253968253968254,10,0.0012975896702755619
1.4056660442701352,41,4.7,0.025396825396825397,10,0.0
2.6128134272355563,41,4.7,0.025396825396825397,10,0.0
0.8605434981767597,41,4.7,0.025396825396825397,10,0.0
0.8422355665856224,41,4.7,0.025396825396825397,10,0.0
1.4264053998459938,41,4.7,0.025396825396825397,10,0.0
0.3960234348216026,41,4.7,0.025396825396825397,10,0.0
0.719943505117255,41,4.7,0.025396825396825397,10,0.0
0.7034023093207273,41,4.7,0.025396825396825397,10,0.0
1.7041422104142188,41,4.7,0.025396825396825397,10,0.0
0.8386392717067674,41,4.7,0.025396825396825397,10,0.0
