traffic,capacity,free_flow_time,centrality,alternatives,is_critical,time_coeff,impact
0.5089149750080312,48,4.2,0.1523809523809524,2,0,0.3,0.20333908349632834
0.8718557756674815,48,4.2,0.1523809523809524,2,0,1.8,0.2577869713088842
0.5129490717488793,48,4.2,0.1523809523809524,2,0,0.9,0.19986010968816825
1.5770095905751509,48,4.2,0.1523809523809524,2,0,2.0,0.19579271156451858
0.8105645714962618,48,4.2,0.1523809523809524,2,0,0.6,0.19075838057574723
0.09234928490402075,48,4.2,0.1523809523809524,2,0,0.3,0.20567407013668165
3.4054316683761066,48,4.2,0.1523809523809524,2,0,1.8,0.0
0.8679830862242233,48,4.2,0.1523809523809524,2,0,0.9,0.19350710234784127
3.656800939250098,48,4.2,0.1523809523809524,2,0,2.0,0.0
0.5187542279348456,48,4.2,0.1523809523809524,2,0,0.6,0.19970126284343273
0.42157281427384835,48,4.2,0.1523809523809524,2,0,0.3,0.20413907415164467
0.4806554774894907,48,4.2,0.1523809523809524,2,0,1.8,0.469194795407044
1.0545866243460003,48,4.2,0.1523809523809524,2,0,0.9,0.15822674164163802
1.9478060062449982,48,4.2,0.1523809523809524,2,0,2.0,0.030721147734217934
0.715227773833549,48,4.2,0.1523809523809524,2,0,0.6,0.19284461875824835
0.35090901673223784,43,2.3,0.1142857142857143,2,0,0.3,0.2157718619573018
3.2033524508507103,43,2.3,0.1142857142857143,2,0,1.8,0.0
0.7402636946983924,43,2.3,0.1142857142857143,2,0,0.9,0.23961182710542833
3.9241974111771323,43,2.3,0.1142857142857143,2,0,2.0,0.0
0.14347643068549182,43,2.3,0.1142857142857143,2,0,0.6,0.22035985608587633
0.3829510747886615,43,2.3,0.1142857142857143,2,0,0.3,0.21566842657586022
0.49381315183461477,43,2.3,0.1142857142857143,2,0,1.8,0.23679646939443844
0.7871694869647252,43,2.3,0.1142857142857143,2,0,0.9,0.21533220421624022
2.550335903942886,43,2.3,0.1142857142857143,2,0,2.0,0.010730848931997137
0.31418192307302656,43,2.3,0.1142857142857143,2,0,0.6,0.21567217741818298
0.3232403535889108,43,2.3,0.1142857142857143,2,0,0.3,0.21604967604083147
1.8329987466065938,43,2.3,0.1142857142857143,2,0,1.8,0.13232613011230582
1.4481094518867428,43,2.3,0.1142857142857143,2,0,0.9,0.13403521560823356
3.9764769036345626,43,2.3,0.1142857142857143,2,0,2.0,0.0
1.181021870156706,43,2.3,0.1142857142857143,2,0,0.6,0.18209267215420033
0.12353889142815792,27,3.1,0.1523809523809524,3,0,0.3,0.2242429382165835
1.397261313807821,27,3.1,0.1523809523809524,3,0,1.8,0.16354031930460974
0.32926753823854477,27,3.1,0.1523809523809524,3,0,0.9,0.2268578508367586
3.4200470764793343,27,3.1,0.1523809523809524,3,0,2.0,0.0
0.38781737766360413,27,3.1,0.1523809523809524,3,0,0.6,0.22944827103048349
0.38780217483696017,27,3.1,0.1523809523809524,3,0,0.3,0.2233274131222712
3.540046458659778,27,3.1,0.1523809523809524,3,0,1.8,0.0
0.5733864733095351,27,3.1,0.1523809523809524,3,0,0.9,0.2233857930267785
3.6160025100000572,27,3.1,0.1523809523809524,3,0,2.0,0.0
1.0460176503338672,27,3.1,0.1523809523809524,3,0,0.6,0.18317084051992455
0.1546149471418314,27,3.1,0.1523809523809524,3,0,0.3,0.22431990583949235
1.039640284965647,27,3.1,0.1523809523809524,3,0,1.8,0.21088000152782155
1.5215783794929765,27,3.1,0.1523809523809524,3,0,0.9,0.09227177014998911
3.6724500728679184,27,3.1,0.1523809523809524,3,0,2.0,0.0
0.3686890388294739,27,3.1,0.1523809523809524,3,0,0.6,0.22620658356699885
0.5943073078652874,59,4.0,0.06666666666666668,3,0,0.3,0.10713726378325611
0.6774848836272315,59,4.0,0.06666666666666668,3,0,1.8,0.1701950661469813
0.6955070510999657,59,4.0,0.06666666666666668,3,0,0.9,0.11838509687199175
3.6559370009659835,59,4.0,0.06666666666666668,3,0,2.0,0.0
0.2222677744116782,59,4.0,0.06666666666666668,3,0,0.6,0.1081823875943229
0.34153493762606874,59,4.0,0.06666666666666668,3,0,0.3,0.1084991582735695
0.6449511242510351,59,4.0,0.06666666666666668,3,0,1.8,0.22800043141608806
1.6472294538243306,59,4.0,0.06666666666666668,3,0,0.9,0.041377830407828206
2.079722105849068,59,4.0,0.06666666666666668,3,0,2.0,0.12760137941600658
0.9947654518648099,59,4.0,0.06666666666666668,3,0,0.6,0.09969370034913842
0.11435937028870205,59,4.0,0.06666666666666668,3,0,0.3,0.10868783530460865
2.617371061024192,59,4.0,0.06666666666666668,3,0,1.8,0.0
0.7844207887815638,59,4.0,0.06666666666666668,3,0,0.9,0.10649742019121992
2.6656110662943773,59,4.0,0.06666666666666668,3,0,2.0,0.0
0.31552519513609717,59,4.0,0.06666666666666668,3,0,0.6,0.10942997829346313
0.25106218860253027,66,4.2,0.2380952380952381,0,1,0.3,0.7245655090586696
0.7216272234670295,66,4.2,0.2380952380952381,0,1,1.8,0.6526527031306806
0.754457075414836,66,4.2,0.2380952380952381,0,1,0.9,0.679887823589071
2.1126871456624245,66,4.2,0.2380952380952381,0,1,2.0,0.6
0.9519151950485232,66,4.2,0.2380952380952381,0,1,0.6,0.6792106430857953
0.29116584543676294,66,4.2,0.2380952380952381,0,1,0.3,0.7237932581260766
3.216362136420815,66,4.2,0.2380952380952381,0,1,1.8,0.6
1.5692067209058749,66,4.2,0.2380952380952381,0,1,0.9,0.6
0.9286876344704805,66,4.2,0.2380952380952381,0,1,2.0,0.8423762905983447
1.1723273810289943,66,4.2,0.2380952380952381,0,1,0.6,0.6
0.11641518955440415,66,4.2,0.2380952380952381,0,1,0.3,0.7247294649803454
2.077027486533481,66,4.2,0.2380952380952381,0,1,1.8,0.6
0.8452463385149185,66,4.2,0.2380952380952381,0,1,0.9,0.6972118045924581
1.8860832501101328,66,4.2,0.2380952380952381,0,1,2.0,0.6
0.3915798580181822,66,4.2,0.2380952380952381,0,1,0.6,0.7432576511362163
0.2775631318274908,58,5.6,0.05714285714285715,3,0,0.3,0.1091865093243574
3.0720873054940148,58,5.6,0.05714285714285715,3,0,1.8,0.0
0.39382394600522247,58,5.6,0.05714285714285715,3,0,0.9,0.12325789053774752
2.8134553965215514,58,5.6,0.05714285714285715,3,0,2.0,0.0
0.9340207532898224,58,5.6,0.05714285714285715,3,0,0.6,0.09237085255237956
0.13460166439557517,58,5.6,0.05714285714285715,3,0,0.3,0.10938785796075662
0.8494733141795479,58,5.6,0.05714285714285715,3,0,1.8,0.21390983073521724
1.6743897180244123,58,5.6,0.05714285714285715,3,0,0.9,0.0
1.03884536395126,58,5.6,0.05714285714285715,3,0,2.0,0.24990436568945176
1.0995784396368964,58,5.6,0.05714285714285715,3,0,0.6,0.07502355829579026
0.27016810073845915,58,5.6,0.05714285714285715,3,0,0.3,0.10920086336932608
0.45532916600946743,58,5.6,0.05714285714285715,3,0,1.8,0.5293939962446228
1.3105903667632333,58,5.6,0.05714285714285715,3,0,0.9,0.04154859567920503
3.9355323159166455,58,5.6,0.05714285714285715,3,0,2.0,0.0
0.591756686977228,58,5.6,0.05714285714285715,3,0,0.6,0.10773541886486313
0.5928162106764682,70,2.3,0.13333333333333336,2,1,0.3,0.6
2.9432220832592946,70,2.3,0.13333333333333336,2,1,1.8,0.6
0.6265795417537322,70,2.3,0.13333333333333336,2,1,0.9,0.6
3.789345646579768,70,2.3,0.13333333333333336,2,1,2.0,0.6
0.4720087597089599,70,2.3,0.13333333333333336,2,1,0.6,0.6
0.0930708887300231,70,2.3,0.13333333333333336,2,1,0.3,0.6
3.5324578726711056,70,2.3,0.13333333333333336,2,1,1.8,0.6
0.7755885054417836,70,2.3,0.13333333333333336,2,1,0.9,0.6
1.4797805896770662,70,2.3,0.13333333333333336,2,1,2.0,0.6
0.7693593947566145,70,2.3,0.13333333333333336,2,1,0.6,0.6
0.1599272834869662,70,2.3,0.13333333333333336,2,1,0.3,0.6
3.4590567978238145,70,2.3,0.13333333333333336,2,1,1.8,0.6
1.7241776780136933,70,2.3,0.13333333333333336,2,1,0.9,0.6
3.537127234406629,70,2.3,0.13333333333333336,2,1,2.0,0.6
0.41154927298779925,70,2.3,0.13333333333333336,2,1,0.6,0.6
0.4864121832980749,42,4.7,0.09523809523809525,3,0,0.3,0.07619958451509123
2.35895393341088,42,4.7,0.09523809523809525,3,0,1.8,0.0
1.4926761731130112,42,4.7,0.09523809523809525,3,0,0.9,0.03190875044470461
3.7223721411624817,42,4.7,0.09523809523809525,3,0,2.0,0.0
0.8916218414530409,42,4.7,0.09523809523809525,3,0,0.6,0.0650941758667407
0.2860531968289605,42,4.7,0.09523809523809525,3,0,0.3,0.07782058184140907
2.579465712773924,42,4.7,0.09523809523809525,3,0,1.8,0.0
1.6722036807769178,42,4.7,0.09523809523809525,3,0,0.9,0.008214771300381472
3.785199858583828,42,4.7,0.09523809523809525,3,0,2.0,0.0
0.27202161561346294,42,4.7,0.09523809523809525,3,0,0.6,0.08229292394985434
0.07652362131831979,42,4.7,0.09523809523809525,3,0,0.3,0.07822003671911722
1.0982148550920678,42,4.7,0.09523809523809525,3,0,1.8,0.12050093844938263
0.3466387858296128,42,4.7,0.09523809523809525,3,0,0.9,0.08925682759266985
0.6966006250529964,42,4.7,0.09523809523809525,3,0,2.0,0.2185297398804671
1.0706688040743337,42,4.7,0.09523809523809525,3,0,0.6,0.06115169423865073
0.1281766082198896,63,5.7,0.1904761904761905,0,1,0.3,1.0
2.867587422933255,63,5.7,0.1904761904761905,0,1,1.8,0.6
1.0428195318948859,63,5.7,0.1904761904761905,0,1,0.9,0.968769220723414
3.8713326087433435,63,5.7,0.1904761904761905,0,1,2.0,0.6
0.6014695153782647,63,5.7,0.1904761904761905,0,1,0.6,1.0
0.07041850457841077,63,5.7,0.1904761904761905,0,1,0.3,1.0
0.94030066644771,63,5.7,0.1904761904761905,0,1,1.8,1.0
1.1723238018636526,63,5.7,0.1904761904761905,0,1,0.9,0.9230521283740216
1.6998033812385462,63,5.7,0.1904761904761905,0,1,2.0,0.6383635220446822
0.13158065747806072,63,5.7,0.1904761904761905,0,1,0.6,1.0
0.09175737681310284,63,5.7,0.1904761904761905,0,1,0.3,1.0
2.998946881357313,63,5.7,0.1904761904761905,0,1,1.8,0.6
0.9523563138210724,63,5.7,0.1904761904761905,0,1,0.9,0.9863474666194938
2.026984472706152,63,5.7,0.1904761904761905,0,1,2.0,0.8600311575731779
0.9390830157387278,63,5.7,0.1904761904761905,0,1,0.6,0.9958644296397124
0.13564092078090967,76,5.1,0.08571428571428572,2,1,0.3,0.6
2.877363430196604,76,5.1,0.08571428571428572,2,1,1.8,0.6
1.1021043062709097,76,5.1,0.08571428571428572,2,1,0.9,0.6
1.4834615546238883,76,5.1,0.08571428571428572,2,1,2.0,0.6
0.3446806118910473,76,5.1,0.08571428571428572,2,1,0.6,0.6
0.4601270536847504,76,5.1,0.08571428571428572,2,1,0.3,0.6
1.3376184401160376,76,5.1,0.08571428571428572,2,1,1.8,0.6
1.4880133492653915,76,5.1,0.08571428571428572,2,1,0.9,0.6
2.767331471864673,76,5.1,0.08571428571428572,2,1,2.0,0.6
0.4119181430953901,76,5.1,0.08571428571428572,2,1,0.6,0.6
0.289275529986526,76,5.1,0.08571428571428572,2,1,0.3,0.6
0.37461560107319875,76,5.1,0.08571428571428572,2,1,1.8,0.6
0.41378117055814784,76,5.1,0.08571428571428572,2,1,0.9,0.6
1.3898508026597405,76,5.1,0.08571428571428572,2,1,2.0,0.6
0.8539385348291961,76,5.1,0.08571428571428572,2,1,0.6,0.6
0.33818620462990295,41,6.2,0.1904761904761905,1,0,0.3,0.18589402257393645
1.4422506085003086,41,6.2,0.1904761904761905,1,0,1.8,0.1128831102608662
0.7392918775758409,41,6.2,0.1904761904761905,1,0,0.9,0.18022838859582963
0.8977982551155446,41,6.2,0.1904761904761905,1,0,2.0,0.20021112792942075
0.934967679682971,41,6.2,0.1904761904761905,1,0,0.6,0.13603237261076484
0.3821948538593321,41,6.2,0.1904761904761905,1,0,0.3,0.184830064695537
2.6234890384638576,41,6.2,0.1904761904761905,1,0,1.8,0.0
0.4013337615937181,41,6.2,0.1904761904761905,1,0,0.9,0.20726894182740932
0.845281123878642,41,6.2,0.1904761904761905,1,0,2.0,0.511687027306031
1.0165106790655418,41,6.2,0.1904761904761905,1,0,0.6,0.12210286321238598
0.5548417151886218,41,6.2,0.1904761904761905,1,0,0.3,0.1781403077444245
3.312279791497001,41,6.2,0.1904761904761905,1,0,1.8,0.0
0.3919724948073113,41,6.2,0.1904761904761905,1,0,0.9,0.23136769438641636
2.603667542293092,41,6.2,0.1904761904761905,1,0,2.0,0.0
1.0949421214833663,41,6.2,0.1904761904761905,1,0,0.6,0.100627208392488
0.14202321349623193,79,2.0,0.10476190476190478,1,0,0.3,0.27509996299382444
0.6993671850288444,79,2.0,0.10476190476190478,1,0,1.8,0.4409449159675337
1.2403179126639015,79,2.0,0.10476190476190478,1,0,0.9,0.24884298310939956
2.422636396828426,79,2.0,0.10476190476190478,1,0,2.0,0.03934059727163533
0.868460620465869,79,2.0,0.10476190476190478,1,0,0.6,0.26646105362504385
0.5101707706579759,79,2.0,0.10476190476190478,1,0,0.3,0.27403020177422954
2.3560086575254355,79,2.0,0.10476190476190478,1,0,1.8,0.10851997159683296
1.2981779641007138,79,2.0,0.10476190476190478,1,0,0.9,0.22820523721297825
3.054823355593833,79,2.0,0.10476190476190478,1,0,2.0,0.046715647275864136
0.32697337199440696,79,2.0,0.10476190476190478,1,0,0.6,0.27538037772296736
0.5228819896627301,79,2.0,0.10476190476190478,1,0,0.3,0.2740617687648684
1.4571126935056615,79,2.0,0.10476190476190478,1,0,1.8,0.2740964327910965
0.24942655245969983,79,2.0,0.10476190476190478,1,0,0.9,0.2830071342690389
0.8660339451146745,79,2.0,0.10476190476190478,1,0,2.0,1.0
0.9141087639101224,79,2.0,0.10476190476190478,1,0,0.6,0.26598597446641786
0.5762652508242891,43,2.3,0.13333333333333336,1,0,0.3,0.26925812929730364
3.1999365089410365,43,2.3,0.13333333333333336,1,0,1.8,0.0
0.29208190289767844,43,2.3,0.13333333333333336,1,0,0.9,0.2671192886945655
0.7643052637095927,43,2.3,0.13333333333333336,1,0,2.0,0.5223407068823553
0.521913678371641,43,2.3,0.13333333333333336,1,0,0.6,0.26616557778233124
0.360383526974572,43,2.3,0.13333333333333336,1,0,0.3,0.2707467088976211
1.028361945629543,43,2.3,0.13333333333333336,1,0,1.8,1.0
1.099653049680791,43,2.3,0.13333333333333336,1,0,0.9,0.25498022242930585
0.6859414016524257,43,2.3,0.13333333333333336,1,0,2.0,0.6660787907115057
0.2883690646743106,43,2.3,0.13333333333333336,1,0,0.6,0.2750809374634628
0.26072440640077865,43,2.3,0.13333333333333336,1,0,0.3,0.2707967905096313
2.5755359306190306,43,2.3,0.13333333333333336,1,0,1.8,0.03572547496571403
0.879279394113237,43,2.3,0.13333333333333336,1,0,0.9,0.25556233350016383
0.9861224256305665,43,2.3,0.13333333333333336,1,0,2.0,0.9089984002941189
0.41769793823987406,43,2.3,0.13333333333333336,1,0,0.6,0.2830484742271017
0.3087591393521544,57,7.0,0.09523809523809525,1,0,0.3,0.1072191553051565
2.9253869985796683,57,7.0,0.09523809523809525,1,0,1.8,0.0
0.20385528892697427,57,7.0,0.09523809523809525,1,0,0.9,0.12076321605823419
2.408080737993425,57,7.0,0.09523809523809525,1,0,2.0,0.0
0.33435834420763266,57,7.0,0.09523809523809525,1,0,0.6,0.11051792629937247
0.4993386070785701,57,7.0,0.09523809523809525,1,0,0.3,0.10522665683503163
1.0898730390429285,57,7.0,0.09523809523809525,1,0,1.8,0.5972950297647098
1.070767555054901,57,7.0,0.09523809523809525,1,0,0.9,0.06975298983559325
3.5925297199414006,57,7.0,0.09523809523809525,1,0,2.0,0.0
0.8499863573317785,57,7.0,0.09523809523809525,1,0,0.6,0.08751218389483681
0.23260198718527936,57,7.0,0.09523809523809525,1,0,0.3,0.10789602826138495
2.8846263326947907,57,7.0,0.09523809523809525,1,0,1.8,0.0
0.6533791735758068,57,7.0,0.09523809523809525,1,0,0.9,0.09998202573767322
2.8359830302710076,57,7.0,0.09523809523809525,1,0,2.0,0.0
0.8024978870478908,57,7.0,0.09523809523809525,1,0,0.6,0.09441818035017467
0.08857846678367345,23,2.4,0.17142857142857143,0,1,0.3,0.9881122360142315
1.3643205746240035,23,2.4,0.17142857142857143,0,1,1.8,0.9220194648114486
1.7877009904701917,23,2.4,0.17142857142857143,0,1,0.9,0.7134015246006336
3.080184946516085,23,2.4,0.17142857142857143,0,1,2.0,0.6
0.8323365745035926,23,2.4,0.17142857142857143,0,1,0.6,0.9716031506799399
0.36511128976035195,23,2.4,0.17142857142857143,0,1,0.3,0.9864206557181837
1.333470471062817,23,2.4,0.17142857142857143,0,1,1.8,1.0
0.935631785495356,23,2.4,0.17142857142857143,0,1,0.9,0.9696289366478738
3.8602026418615853,23,2.4,0.17142857142857143,0,1,2.0,0.6
0.7910531032095137,23,2.4,0.17142857142857143,0,1,0.6,0.9802415833086598
0.14513201511592347,23,2.4,0.17142857142857143,0,1,0.3,0.9869762435711531
3.1924758384249157,23,2.4,0.17142857142857143,0,1,1.8,0.6
0.820366783690126,23,2.4,0.17142857142857143,0,1,0.9,0.9507283488362799
2.575848960608041,23,2.4,0.17142857142857143,0,1,2.0,0.6
0.8462596226654743,23,2.4,0.17142857142857143,0,1,0.6,0.9738279290900081
0.1842431839030086,28,6.1,0.12380952380952381,0,1,0.3,0.6
0.6296724011428452,28,6.1,0.12380952380952381,0,1,1.8,0.6
0.30913851074290283,28,6.1,0.12380952380952381,0,1,0.9,0.6
0.6838028971569334,28,6.1,0.12380952380952381,0,1,2.0,1.0
0.43642750830855853,28,6.1,0.12380952380952381,0,1,0.6,0.6
0.3786905703773287,28,6.1,0.12380952380952381,0,1,0.3,0.6
3.3754130691745865,28,6.1,0.12380952380952381,0,1,1.8,0.6
0.7085122223087466,28,6.1,0.12380952380952381,0,1,0.9,0.6
3.628937359559123,28,6.1,0.12380952380952381,0,1,2.0,0.6
0.6032025986537547,28,6.1,0.12380952380952381,0,1,0.6,0.6
0.2524726799146986,28,6.1,0.12380952380952381,0,1,0.3,0.6
3.310105698844716,28,6.1,0.12380952380952381,0,1,1.8,0.6
0.6915713581234506,28,6.1,0.12380952380952381,0,1,0.9,0.6
3.9876377081980126,28,6.1,0.12380952380952381,0,1,2.0,0.6
0.17113555322434937,28,6.1,0.12380952380952381,0,1,0.6,0.6
0.5687986697316666,31,3.1,0.1523809523809524,0,0,0.3,0.8559007323789326
0.5968488264609783,31,3.1,0.1523809523809524,0,0,1.8,1.0
0.2901765817754933,31,3.1,0.1523809523809524,0,0,0.9,0.8517826796923172
1.180078752543132,31,3.1,0.1523809523809524,0,0,2.0,1.0
0.5079006912350188,31,3.1,0.1523809523809524,0,0,0.6,0.8597090938288079
0.5127012590507924,31,3.1,0.1523809523809524,0,0,0.3,0.8574798379893555
1.044238989007018,31,3.1,0.1523809523809524,0,0,1.8,1.0
1.2589492328350278,31,3.1,0.1523809523809524,0,0,0.9,0.7381394149375292
2.6334964560665544,31,3.1,0.1523809523809524,0,0,2.0,0.3319233906373273
0.763007887930854,31,3.1,0.1523809523809524,0,0,0.6,0.8470768841377586
0.3735485750616157,31,3.1,0.1523809523809524,0,0,0.3,0.8601096435492195
2.4953254754730683,31,3.1,0.1523809523809524,0,0,1.8,0.46655381909315946
1.635115769839414,31,3.1,0.1523809523809524,0,0,0.9,0.6281988487049106
1.2384614583525118,31,3.1,0.1523809523809524,0,0,2.0,0.9960256742938034
0.8518249729986277,31,3.1,0.1523809523809524,0,0,0.6,0.8348957173850703
0.5281295527888918,63,5.7,0.1142857142857143,0,0,0.3,0.5874107371487257
1.5019965167230338,63,5.7,0.1142857142857143,0,0,1.8,0.9289712979425953
0.3949130002436758,63,5.7,0.1142857142857143,0,0,0.9,0.6064144422296637
3.328027292715573,63,5.7,0.1142857142857143,0,0,2.0,0.0
0.8257107294912253,63,5.7,0.1142857142857143,0,0,0.6,0.5708294884819025
0.0859093848203743,63,5.7,0.1142857142857143,0,0,0.3,0.5921800385168082
0.5996311945592697,63,5.7,0.1142857142857143,0,0,1.8,0.8850192637898711
0.7940017836412929,63,5.7,0.1142857142857143,0,0,0.9,0.6421461963686783
2.447777940935861,63,5.7,0.1142857142857143,0,0,2.0,0.3601465751089682
0.21361489385403593,63,5.7,0.1142857142857143,0,0,0.6,0.5903493303842583
0.34907602546484073,63,5.7,0.1142857142857143,0,0,0.3,0.5907430764584847
0.889733741860644,63,5.7,0.1142857142857143,0,0,1.8,1.0
0.2834750798197496,63,5.7,0.1142857142857143,0,0,0.9,0.607179192056704
2.7953413890618677,63,5.7,0.1142857142857143,0,0,2.0,0.019986703392460024
0.32753829863806083,63,5.7,0.1142857142857143,0,0,0.6,0.5952005298335643
0.4709955116725728,46,2.1,0.1142857142857143,3,0,0.3,0.1248758559321281
2.0364474199512816,46,2.1,0.1142857142857143,3,0,1.8,0.16202732417304805
1.5834003869133113,46,2.1,0.1142857142857143,3,0,0.9,0.06364260262875715
1.4644611156687644,46,2.1,0.1142857142857143,3,0,2.0,0.1174260059575412
0.7616619557999467,46,2.1,0.1142857142857143,3,0,0.6,0.11853063118511019
0.4565023137880928,46,2.1,0.1142857142857143,3,0,0.3,0.12548745767028713
3.0087001344241067,46,2.1,0.1142857142857143,3,0,1.8,0.0
0.5605291459716049,46,2.1,0.1142857142857143,3,0,0.9,0.12707316064571575
0.7194423504059011,46,2.1,0.1142857142857143,3,0,2.0,0.14801540729806514
0.5669608602216095,46,2.1,0.1142857142857143,3,0,0.6,0.12483199381581869
0.20389173840429456,46,2.1,0.1142857142857143,3,0,0.3,0.12608458537140915
3.5665144371689093,46,2.1,0.1142857142857143,3,0,1.8,0.0
0.5306491802052321,46,2.1,0.1142857142857143,3,0,0.9,0.13582895488873278
1.222706839847167,46,2.1,0.1142857142857143,3,0,2.0,0.09786391665028635
1.1141530405482307,46,2.1,0.1142857142857143,3,0,0.6,0.09807688270911938
0.2582211767107263,79,2.3,0.1619047619047619,1,0,0.3,0.18040903176741255
2.9601902513124814,79,2.3,0.1619047619047619,1,0,1.8,0.0
0.22801596492093273,79,2.3,0.1619047619047619,1,0,0.9,0.17540948206762091
2.4909374880766233,79,2.3,0.1619047619047619,1,0,2.0,0.0
0.4799182803939718,79,2.3,0.1619047619047619,1,0,0.6,0.17699089416126637
0.24792608540767097,79,2.3,0.1619047619047619,1,0,0.3,0.1798656568711808
2.878797581501168,79,2.3,0.1619047619047619,1,0,1.8,0.0
1.5689318472317684,79,2.3,0.1619047619047619,1,0,0.9,0.06385603198195688
0.857726415395798,79,2.3,0.1619047619047619,1,0,2.0,0.38219190593189367
0.9197614036047744,79,2.3,0.1619047619047619,1,0,0.6,0.160187037528018
0.4477143105634367,79,2.3,0.1619047619047619,1,0,0.3,0.17925103299408135
3.084125360647032,79,2.3,0.1619047619047619,1,0,1.8,0.0
0.5998780091895173,79,2.3,0.1619047619047619,1,0,0.9,0.2169351667891113
0.9385334846871825,79,2.3,0.1619047619047619,1,0,2.0,0.2562597336451525
0.1343633442490378,79,2.3,0.1619047619047619,1,0,0.6,0.18489263283911977
0.5838795840054539,61,5.7,0.0,1,0,0.3,0.0
0.9471360554899148,61,5.7,0.0,1,0,1.8,0.16653995828903295
0.7799639742366415,61,5.7,0.0,1,0,0.9,0.0
1.7726944054102591,61,5.7,0.0,1,0,2.0,0.0
1.007636456242894,61,5.7,0.0,1,0,0.6,0.0
0.5851822747184366,61,5.7,0.0,1,0,0.3,0.0
3.293331149851328,61,5.7,0.0,1,0,1.8,0.0
1.5533634455108127,61,5.7,0.0,1,0,0.9,0.0
1.211416588377995,61,5.7,0.0,1,0,2.0,0.0
0.25976400719455,61,5.7,0.0,1,0,0.6,0.0
0.5004592471978757,61,5.7,0.0,1,0,0.3,0.0
1.0220558565650013,61,5.7,0.0,1,0,1.8,0.018914826832197362
0.735991156049336,61,5.7,0.0,1,0,0.9,0.0
1.4363207973064887,61,5.7,0.0,1,0,2.0,0.06819168964686262
1.1635238278357187,61,5.7,0.0,1,0,0.6,0.0
